ID,Acronym,Name,Sector,Type,Saved_Filename,File_Size_Bytes,Official_Logo_URL,Audit_Status,Classification,Audit_Notes
1,BOB,Bank of Baroda (BOB),Banking & Finance,Bank / Regulator / Insurance,001_BOB_Bank_of_Baroda_(BOB).png,162387,https://upload.wikimedia.org/wikipedia/commons/e/ec/Bank_of_Baroda_Logo_since_Dec_19.png,DOWNLOADED,VERIFIED_SPECIFIC,Verified authentic specific organization logo
2,BOI,Bank of India (BOI),Banking & Finance,Bank / Regulator / Insurance,002_BOI_Bank_of_India_(BOI).svg,58954,https://raw.githubusercontent.com/praveenpuglia/indian-banks/main/assets/logos/bkid/logo.svg,DOWNLOADED,VERIFIED_SPECIFIC,Verified authentic specific organization logo
3,BOM,Bank of Maharashtra (BOM),Banking & Finance,Bank / Regulator / Insurance,003_BOM_Bank_of_Maharashtra_(BOM).svg,71474,https://upload.wikimedia.org/wikipedia/commons/e/e5/Bank_of_Maharashtra_logo.svg,DOWNLOADED,VERIFIED_SPECIFIC,Verified authentic specific organization logo
4,CB,Canara Bank,Banking & Finance,Bank / Regulator / Insurance,004_CB_Canara_Bank.svg,24774,https://upload.wikimedia.org/wikipedia/commons/5/50/Canara_Bank_Logo.svg,DOWNLOADED,VERIFIED_SPECIFIC,Verified authentic specific organization logo
5,CBI,Central Bank of India (CBI),Banking & Finance,Bank / Regulator / Insurance,005_CBI_Central_Bank_of_India_(CBI).svg,130775,https://raw.githubusercontent.com/praveenpuglia/indian-banks/main/assets/logos/cbin/logo.svg,DOWNLOADED,VERIFIED_SPECIFIC,Verified authentic specific organization logo
6,GIC,General Insurance Corporation of India (GIC),Banking & Finance,Bank / Regulator / Insurance,006_GIC_General_Insurance_Corporation_of_India_(GIC).png,16848,https://vigilance.gicre.in/storage/setting/logo/gic-logo.png,DOWNLOADED,VERIFIED_SPECIFIC,Verified authentic specific organization logo
7,IB,Indian Bank,Banking & Finance,Bank / Regulator / Insurance,007_IB_Indian_Bank.svg,17335,https://raw.githubusercontent.com/praveenpuglia/indian-banks/main/assets/logos/idib/logo.svg,DOWNLOADED,VERIFIED_SPECIFIC,Verified authentic specific organization logo
8,IOB,Indian Overseas Bank (IOB),Banking & Finance,Bank / Regulator / Insurance,008_IOB_Indian_Overseas_Bank_(IOB).svg,25795,https://upload.wikimedia.org/wikipedia/commons/2/29/Indian_Overseas_Bank_Logo.svg,DOWNLOADED,VERIFIED_SPECIFIC,Verified authentic specific organization logo
9,IBPS,Institute of Banking Personnel Selection (IBPS),Banking & Finance,Bank / Regulator / Insurance,009_IBPS_Institute_of_Banking_Personnel_Selection_(IBPS).png,43033,https://www.ibps.in/wp-content/uploads/logo-2.png,DOWNLOADED,VERIFIED_SPECIFIC,Verified authentic specific organization logo
10,LIC,Life Insurance Corporation of India (LIC),Banking & Finance,Bank / Regulator / Insurance,010_LIC_Life_Insurance_Corporation_of_India_(LIC).svg,94212,https://upload.wikimedia.org/wikipedia/mr/a/aa/LIC_Logo.svg,DOWNLOADED,VERIFIED_SPECIFIC,Verified authentic specific organization logo
11,NABARD,National Bank for Agriculture and Rural Development (NABARD),Banking & Finance,Bank / Regulator / Insurance,011_NABARD_National_Bank_for_Agriculture_and_Rural_Development_(NABARD).jpg,52729,https://upload.wikimedia.org/wikipedia/commons/8/8f/NABARD.jpg,DOWNLOADED,VERIFIED_SPECIFIC,Verified authentic specific organization logo
12,NICL,National Insurance Company Limited (NICL),Banking & Finance,Bank / Regulator / Insurance,012_NICL_National_Insurance_Company_Limited_(NICL).svg,23880,https://nationalinsurance.nic.co.in/themes/custom/nicl/logo.svg,DOWNLOADED,VERIFIED_SPECIFIC,Verified authentic specific organization logo
13,NIACL,New India Assurance Company (NIACL),Banking & Finance,Bank / Regulator / Insurance,013_NIACL_New_India_Assurance_Company_(NIACL).png,55574,https://images.seeklogo.com/logo-png/28/1/new-india-assurance-logo-png_seeklogo-289935.png,DOWNLOADED,VERIFIED_SPECIFIC,Verified authentic specific organization logo
14,OICL,Oriental Insurance Company (OICL),Banking & Finance,Bank / Regulator / Insurance,014_OICL_Oriental_Insurance_Company_(OICL).png,8860,https://oicl-cms-media.s3.ap-south-1.amazonaws.com/oicl_logo_f696d7368c.png,DOWNLOADED,VERIFIED_SPECIFIC,Verified authentic specific organization logo
15,PSB,Punjab & Sind Bank (PSB),Banking & Finance,Bank / Regulator / Insurance,015_PSB_Punjab_&_Sind_Bank_(PSB).svg,81519,https://raw.githubusercontent.com/praveenpuglia/indian-banks/main/assets/logos/psib/logo.svg,DOWNLOADED,VERIFIED_SPECIFIC,Verified authentic specific organization logo
16,PNB,Punjab National Bank (PNB),Banking & Finance,Bank / Regulator / Insurance,016_PNB_Punjab_National_Bank_(PNB).svg,2306,https://raw.githubusercontent.com/praveenpuglia/indian-banks/main/assets/logos/punb/logo.svg,DOWNLOADED,VERIFIED_SPECIFIC,Verified authentic specific organization logo
17,RBI,Reserve Bank of India (RBI),Banking & Finance,Bank / Regulator / Insurance,017_RBI_Reserve_Bank_of_India_(RBI).svg,155812,https://upload.wikimedia.org/wikipedia/commons/8/8d/Reserve_Bank_of_India_logo.svg,DOWNLOADED,VERIFIED_SPECIFIC,Verified authentic specific organization logo
18,SEBI,Securities and Exchange Board of India (SEBI),Banking & Finance,Bank / Regulator / Insurance,018_SEBI_Securities_and_Exchange_Board_of_India_(SEBI).jpg,27644,https://upload.wikimedia.org/wikipedia/commons/1/18/Securities_Exchange_Board_of_India.jpg,DOWNLOADED,VERIFIED_SPECIFIC,Verified authentic specific organization logo
19,SIDBI,Small Industries Development Bank of India (SIDBI),Banking & Finance,Bank / Regulator / Insurance,019_SIDBI_Small_Industries_Development_Bank_of_India_(SIDBI).png,19384,https://upload.wikimedia.org/wikipedia/commons/8/87/SIDBI_LOGO.png,DOWNLOADED,VERIFIED_SPECIFIC,Verified authentic specific organization logo
20,SBI,State Bank of India (SBI),Banking & Finance,Bank / Regulator / Insurance,020_SBI_State_Bank_of_India_(SBI).svg,4860,https://upload.wikimedia.org/wikipedia/commons/3/33/State_Bank_of_India.svg,DOWNLOADED,VERIFIED_SPECIFIC,Verified authentic specific organization logo
21,UB,UCO Bank,Banking & Finance,Bank / Regulator / Insurance,021_UB_UCO_Bank.svg,4219,https://raw.githubusercontent.com/praveenpuglia/indian-banks/main/assets/logos/ucba/logo.svg,DOWNLOADED,VERIFIED_SPECIFIC,Verified authentic specific organization logo
22,UBI,Union Bank of India (UBI),Banking & Finance,Bank / Regulator / Insurance,022_UBI_Union_Bank_of_India_(UBI).svg,23967,https://upload.wikimedia.org/wikipedia/commons/d/d0/Union_Bank_of_India_Logo.svg,DOWNLOADED,VERIFIED_SPECIFIC,Verified authentic specific organization logo
23,UIIC,United India Insurance Company (UIIC),Banking & Finance,Bank / Regulator / Insurance,023_UIIC_United_India_Insurance_Company_(UIIC).svg,20715,https://upload.wikimedia.org/wikipedia/commons/d/df/United_India_Insurance.svg,DOWNLOADED,VERIFIED_SPECIFIC,Verified authentic specific organization logo
24,CAG,Comptroller and Auditor General of India (CAG),Central Government,Apex Body / Ministry,024_CAG_Comptroller_and_Auditor_General_of_India_(CAG).png,7288,https://cag.gov.in/themes/c_o_e_f_a_j_o_u_r_n_a_l/assets/images/cagindia.png,DOWNLOADED,VERIFIED_SPECIFIC,Verified authentic specific organization logo
25,ECI,Election Commission of India (ECI),Central Government,Apex Body / Ministry,025_ECI_Election_Commission_of_India_(ECI).svg,12406,https://upload.wikimedia.org/wikipedia/commons/7/72/Election_Commission_of_India_Logo.svg,DOWNLOADED,VERIFIED_SPECIFIC,Verified authentic specific organization logo
26,Standard National Emblem,Government of India Ministries (Standard National Emblem),Central Government,Apex Body / Ministry,026_Standard_National_Emblem_Government_of_India_Ministries_(Standard_National_Emblem).svg,437693,https://upload.wikimedia.org/wikipedia/commons/5/55/Emblem_of_India.svg,DOWNLOADED,INTENDED_GENERIC,General Ministries umbrella category uses National Emblem of India
27,Department of Posts,India Post (Department of Posts),Central Government,Apex Body / Ministry,027_Department_of_Posts_India_Post_(Department_of_Posts).jpg,18522,https://upload.wikimedia.org/wikipedia/commons/b/be/India-post-logo.jpg,DOWNLOADED,VERIFIED_SPECIFIC,Verified authentic specific organization logo
28,NTA,National Testing Agency (NTA),Central Government,Apex Body / Ministry,028_NTA_National_Testing_Agency_(NTA).png,31866,https://upload.wikimedia.org/wikipedia/commons/2/22/NTA_logo.png,DOWNLOADED,VERIFIED_SPECIFIC,Verified authentic specific organization logo
29,SSC,Staff Selection Commission (SSC),Central Government,Apex Body / Ministry,029_SSC_Staff_Selection_Commission_(SSC).webp,17660,https://ssc.gov.in/assets/sscLogo.webp,DOWNLOADED,VERIFIED_SPECIFIC,Verified authentic specific organization logo
30,UPSC,Union Public Service Commission (UPSC),Central Government,Apex Body / Ministry,030_UPSC_Union_Public_Service_Commission_(UPSC).jpg,4805,https://upload.wikimedia.org/wikipedia/commons/6/67/Logo_-_Union_Public_Service_Commission_-_Government_of_India.jpg,DOWNLOADED,VERIFIED_SPECIFIC,Verified authentic specific organization logo
31,AR,Assam Rifles (AR),Defence & Security,Armed Forces / Paramilitary,031_AR_Assam_Rifles_(AR).svg,269968,https://upload.wikimedia.org/wikipedia/commons/0/01/Assam_Rifles_LOGO.svg,DOWNLOADED,VERIFIED_SPECIFIC,Verified authentic specific organization logo
32,BRO,Border Roads Organisation (BRO),Defence & Security,Armed Forces / Paramilitary,032_BRO_Border_Roads_Organisation_(BRO).svg,6526,https://upload.wikimedia.org/wikipedia/en/thumb/6/6f/Border_Roads_Organisation_logo.png/220px-Border_Roads_Organisation_logo.png,DOWNLOADED,VERIFIED_SPECIFIC,Verified authentic specific organization logo
33,BSF,Border Security Force (BSF),Defence & Security,Armed Forces / Paramilitary,033_BSF_Border_Security_Force_(BSF).png,529300,https://upload.wikimedia.org/wikipedia/commons/6/67/BSF_Logo.png,DOWNLOADED,VERIFIED_SPECIFIC,Verified authentic specific organization logo
34,CBI,Central Bureau of Investigation (CBI),Defence & Security,Armed Forces / Paramilitary,034_CBI_Central_Bureau_of_Investigation_(CBI).svg,381056,https://upload.wikimedia.org/wikipedia/commons/4/4b/Cbi_logo.svg,DOWNLOADED,VERIFIED_SPECIFIC,Verified authentic specific organization logo
35,CISF,Central Industrial Security Force (CISF),Defence & Security,Armed Forces / Paramilitary,035_CISF_Central_Industrial_Security_Force_(CISF).svg,625051,https://upload.wikimedia.org/wikipedia/commons/5/52/CISF_LOGO.svg,DOWNLOADED,VERIFIED_SPECIFIC,Verified authentic specific organization logo
36,CRPF,Central Reserve Police Force (CRPF),Defence & Security,Armed Forces / Paramilitary,036_CRPF_Central_Reserve_Police_Force_(CRPF).svg,120343,https://upload.wikimedia.org/wikipedia/commons/b/b3/CRPF_Logo.svg,DOWNLOADED,VERIFIED_SPECIFIC,Verified authentic specific organization logo
37,IAF,Indian Air Force (IAF),Defence & Security,Armed Forces / Paramilitary,037_IAF_Indian_Air_Force_(IAF).svg,266138,https://upload.wikimedia.org/wikipedia/commons/f/fe/Indian_Air_Force_Crest.svg,DOWNLOADED,VERIFIED_SPECIFIC,Verified authentic specific organization logo
38,IA,Indian Army,Defence & Security,Armed Forces / Paramilitary,038_IA_Indian_Army.svg,304459,https://upload.wikimedia.org/wikipedia/commons/9/99/Emblem_of_the_Indian_Army.svg,DOWNLOADED,VERIFIED_SPECIFIC,Verified authentic specific organization logo
39,ICG,Indian Coast Guard (ICG),Defence & Security,Armed Forces / Paramilitary,039_ICG_Indian_Coast_Guard_(ICG).svg,212410,https://upload.wikimedia.org/wikipedia/commons/7/7b/Indian_Coast_Guard_Logo.svg,DOWNLOADED,VERIFIED_SPECIFIC,Verified authentic specific organization logo
40,IN,Indian Navy,Defence & Security,Armed Forces / Paramilitary,040_IN_Indian_Navy.svg,244384,https://upload.wikimedia.org/wikipedia/commons/5/5c/Indian_Navy_crest.svg,DOWNLOADED,VERIFIED_SPECIFIC,Verified authentic specific organization logo
41,ITBP,Indo-Tibetan Border Police (ITBP),Defence & Security,Armed Forces / Paramilitary,041_ITBP_Indo-Tibetan_Border_Police_(ITBP).svg,1465316,https://upload.wikimedia.org/wikipedia/commons/0/0a/ITBP_Logo.svg,DOWNLOADED,VERIFIED_SPECIFIC,Verified authentic specific organization logo
42,IB,Intelligence Bureau (IB),Defence & Security,Armed Forces / Paramilitary,042_IB_Intelligence_Bureau_(IB).svg,126194,https://upload.wikimedia.org/wikipedia/commons/3/3a/Intelligence_Bureau.svg,DOWNLOADED,VERIFIED_SPECIFIC,Verified authentic specific organization logo
43,NCB,Narcotics Control Bureau (NCB),Defence & Security,Armed Forces / Paramilitary,043_NCB_Narcotics_Control_Bureau_(NCB).png,112633,https://upload.wikimedia.org/wikipedia/en/thumb/0/0e/Narcotics_Control_Bureau_logo.png/220px-Narcotics_Control_Bureau_logo.png,DOWNLOADED,VERIFIED_SPECIFIC,Verified authentic specific organization logo
44,NCC,National Cadet Corps (NCC),Defence & Security,Armed Forces / Paramilitary,044_NCC_National_Cadet_Corps_(NCC).png,169874,https://upload.wikimedia.org/wikipedia/commons/0/00/National_Cadet_Corps_%28India%29_logo.svg,DOWNLOADED,VERIFIED_SPECIFIC,Verified authentic specific organization logo
45,NIA,National Investigation Agency (NIA),Defence & Security,Armed Forces / Paramilitary,045_NIA_National_Investigation_Agency_(NIA).png,694400,https://upload.wikimedia.org/wikipedia/commons/9/90/National_Investigation_Agency_Logo.png,DOWNLOADED,VERIFIED_SPECIFIC,Verified authentic specific organization logo
46,NSG,National Security Guard (NSG),Defence & Security,Armed Forces / Paramilitary,046_NSG_National_Security_Guard_(NSG).svg,321268,https://upload.wikimedia.org/wikipedia/commons/4/4f/National_Security_Guard-India.svg,DOWNLOADED,VERIFIED_SPECIFIC,Verified authentic specific organization logo
47,SSB,Sashastra Seema Bal (SSB),Defence & Security,Armed Forces / Paramilitary,047_SSB_Sashastra_Seema_Bal_(SSB).svg,457842,https://upload.wikimedia.org/wikipedia/commons/a/a9/Sashastra_Seema_Bal.svg,DOWNLOADED,VERIFIED_SPECIFIC,Verified authentic specific organization logo
48,AMU,Aligarh Muslim University (AMU),Education & Research,Central University,048_AMU_Aligarh_Muslim_University_(AMU).png,189507,https://upload.wikimedia.org/wikipedia/en/thumb/0/0c/Aligarh_Muslim_University_logo.png/250px-Aligarh_Muslim_University_logo.png,DOWNLOADED,VERIFIED_SPECIFIC,Verified authentic specific organization logo
49,BHU,Banaras Hindu University (BHU),Education & Research,Central University,049_BHU_Banaras_Hindu_University_(BHU).png,58015,https://upload.wikimedia.org/wikipedia/commons/a/a7/BHU_Logo_with_Tagline_Hindi_Banaras_Hindu_University.png,DOWNLOADED,VERIFIED_SPECIFIC,Verified authentic specific organization logo
50,JMI,Jamia Millia Islamia (JMI),Education & Research,Central University,050_JMI_Jamia_Millia_Islamia_(JMI).svg,168514,https://upload.wikimedia.org/wikipedia/en/thumb/6/60/Jamia_Millia_Islamia_Logo.svg/250px-Jamia_Millia_Islamia_Logo.svg.png,DOWNLOADED,VERIFIED_SPECIFIC,Verified authentic specific organization logo
51,JNU,Jawaharlal Nehru University (JNU),Education & Research,Central University,051_JNU_Jawaharlal_Nehru_University_(JNU).webp,10928,https://upload.wikimedia.org/wikipedia/en/thumb/a/a6/Jawaharlal_Nehru_University_logo.svg/250px-Jawaharlal_Nehru_University_logo.svg.png,DOWNLOADED,VERIFIED_SPECIFIC,Verified authentic specific organization logo
52,DU,University of Delhi (DU),Education & Research,Central University,052_DU_University_of_Delhi_(DU).png,107168,https://upload.wikimedia.org/wikipedia/commons/6/62/Delhi_University%27s_official_logo.png,DOWNLOADED,VERIFIED_SPECIFIC,Verified authentic specific organization logo
53,IIM,Indian Institute of Management Ahmedabad (IIM),Education & Research,IIM,053_IIM_Indian_Institute_of_Management_Ahmedabad_(IIM).svg,27172,https://upload.wikimedia.org/wikipedia/en/thumb/a/a2/IIM%2C_Ahmedabad_Logo.svg/250px-IIM%2C_Ahmedabad_Logo.svg.png,DOWNLOADED,VERIFIED_SPECIFIC,Verified authentic specific organization logo
54,IIM,Indian Institute of Management Bangalore (IIM),Education & Research,IIM,054_IIM_Indian_Institute_of_Management_Bangalore_(IIM).svg,21400,https://upload.wikimedia.org/wikipedia/en/thumb/0/06/IIM_Bangalore_Logo.svg/250px-IIM_Bangalore_Logo.svg.png,DOWNLOADED,VERIFIED_SPECIFIC,Verified authentic specific organization logo
55,IIM,Indian Institute of Management Calcutta (IIM),Education & Research,IIM,055_IIM_Indian_Institute_of_Management_Calcutta_IIMC.svg,21566,https://upload.wikimedia.org/wikipedia/en/thumb/a/ab/IIMC_LOGO.svg/250px-IIMC_LOGO.svg.png,DOWNLOADED,VERIFIED_SPECIFIC,Verified authentic specific organization logo
56,IIM,Indian Institute of Management Indore (IIM),Education & Research,IIM,056_IIM_Indian_Institute_of_Management_Indore_(IIM).svg,30926,https://upload.wikimedia.org/wikipedia/en/thumb/e/e0/IIM_Indore_Logo.svg/250px-IIM_Indore_Logo.svg.png,DOWNLOADED,VERIFIED_SPECIFIC,Verified authentic specific organization logo
57,IIM,Indian Institute of Management Kozhikode (IIM),Education & Research,IIM,057_IIM_Indian_Institute_of_Management_Kozhikode_IIMK.svg,35197,https://upload.wikimedia.org/wikipedia/en/thumb/b/b3/IIMKozhikode_Logo.svg/250px-IIMKozhikode_Logo.svg.png,DOWNLOADED,VERIFIED_SPECIFIC,Verified authentic specific organization logo
58,IIM,Indian Institute of Management Lucknow (IIM),Education & Research,IIM,058_IIM_Indian_Institute_of_Management_Lucknow_(IIM).svg,147840,https://upload.wikimedia.org/wikipedia/en/thumb/2/25/IIM_Lucknow_Logo.svg/250px-IIM_Lucknow_Logo.svg.png,DOWNLOADED,VERIFIED_SPECIFIC,Verified authentic specific organization logo
59,IIT,Indian Institute of Technology Bombay (IIT),Education & Research,IIT,059_IIT_Indian_Institute_of_Technology_Bombay_(IIT).jpg,84592,https://upload.wikimedia.org/wikipedia/en/thumb/1/1d/IIT_Bombay_Logo.svg/250px-IIT_Bombay_Logo.svg.png,DOWNLOADED,VERIFIED_SPECIFIC,Verified authentic specific organization logo
60,IIT,Indian Institute of Technology Delhi (IIT),Education & Research,IIT,060_IIT_Indian_Institute_of_Technology_Delhi_(IIT).jpg,61800,https://upload.wikimedia.org/wikipedia/en/thumb/f/fd/IIT_Delhi_logo.svg/250px-IIT_Delhi_logo.svg.png,DOWNLOADED,VERIFIED_SPECIFIC,Verified authentic specific organization logo
61,IIT,Indian Institute of Technology Guwahati (IIT),Education & Research,IIT,061_IIT_Indian_Institute_of_Technology_Guwahati_(IIT).webp,18066,https://upload.wikimedia.org/wikipedia/en/thumb/1/12/IIT_Guwahati_Logo.svg/250px-IIT_Guwahati_Logo.svg.png,DOWNLOADED,VERIFIED_SPECIFIC,Verified authentic specific organization logo
62,IIT,Indian Institute of Technology Hyderabad (IIT),Education & Research,IIT,062_IIT_Indian_Institute_of_Technology_Hyderabad_(IIT).webp,9892,https://upload.wikimedia.org/wikipedia/en/thumb/1/19/IIT_Hyderabad_Insignia.svg/250px-IIT_Hyderabad_Insignia.svg.png,DOWNLOADED,VERIFIED_SPECIFIC,Verified authentic specific organization logo
63,IIT,Indian Institute of Technology Kanpur (IIT),Education & Research,IIT,063_IIT_Indian_Institute_of_Technology_Kanpur_(IIT).webp,20312,https://upload.wikimedia.org/wikipedia/en/thumb/a/a3/IIT_Kanpur_Logo.svg/250px-IIT_Kanpur_Logo.svg.png,DOWNLOADED,VERIFIED_SPECIFIC,Verified authentic specific organization logo
64,IIT,Indian Institute of Technology Kharagpur (IIT),Education & Research,IIT,064_IIT_Indian_Institute_of_Technology_Kharagpur_(IIT).webp,19650,https://upload.wikimedia.org/wikipedia/en/thumb/1/1c/IIT_Kharagpur_Logo.svg/250px-IIT_Kharagpur_Logo.svg.png,DOWNLOADED,VERIFIED_SPECIFIC,Verified authentic specific organization logo
65,IIT,Indian Institute of Technology Madras (IIT),Education & Research,IIT,065_IIT_Indian_Institute_of_Technology_Madras_(IIT).webp,19980,https://upload.wikimedia.org/wikipedia/en/thumb/6/69/IIT_Madras_Logo.svg/250px-IIT_Madras_Logo.svg.png,DOWNLOADED,VERIFIED_SPECIFIC,Verified authentic specific organization logo
66,IIT,Indian Institute of Technology Roorkee (IIT),Education & Research,IIT,066_IIT_Indian_Institute_of_Technology_Roorkee_(IIT).svg,141364,https://upload.wikimedia.org/wikipedia/en/thumb/6/6f/IIT_Roorkee_logo.png/250px-IIT_Roorkee_logo.png,DOWNLOADED,VERIFIED_SPECIFIC,Verified authentic specific organization logo
67,NIT,National Institute of Technology Calicut (NIT),Education & Research,NIT,067_NIT_National_Institute_of_Technology_Calicut_(NIT).svg,56958,https://upload.wikimedia.org/wikipedia/en/thumb/b/b8/National_Institute_of_Technology%2C_Calicut_Logo.png/250px-National_Institute_of_Technology%2C_Calicut_Logo.png,DOWNLOADED,VERIFIED_SPECIFIC,Verified authentic specific organization logo
68,NIT,National Institute of Technology Durgapur (NIT),Education & Research,NIT,068_NIT_National_Institute_of_Technology_Durgapur_(NIT).svg,111015,https://upload.wikimedia.org/wikipedia/en/thumb/8/87/National_Institute_of_Technology%2C_Durgapur_Logo.svg/250px-National_Institute_of_Technology%2C_Durgapur_Logo.svg.png,DOWNLOADED,VERIFIED_SPECIFIC,Verified authentic specific organization logo
69,NIT,National Institute of Technology Nagpur (NIT),Education & Research,NIT,069_NIT_Visvesvaraya_National_Institute_of_Technology_VNIT.jpeg,63003,https://upload.wikimedia.org/wikipedia/en/thumb/4/4c/Visvesvaraya_National_Institute_of_Technology_logo.png/250px-Visvesvaraya_National_Institute_of_Technology_logo.png,DOWNLOADED,VERIFIED_SPECIFIC,Verified authentic specific organization logo
70,NIT,National Institute of Technology Rourkela (NIT),Education & Research,NIT,070_NIT_National_Institute_of_Technology_Rourkela_(NIT).svg,37053,https://upload.wikimedia.org/wikipedia/en/thumb/9/91/National_Institute_of_Technology_Rourkela_Logo.svg/250px-National_Institute_of_Technology_Rourkela_Logo.svg.png,DOWNLOADED,VERIFIED_SPECIFIC,Verified authentic specific organization logo
71,NIT,National Institute of Technology Surathkal (NIT),Education & Research,NIT,071_NIT_National_Institute_of_Technology_Karnataka_NITK.png,74885,https://upload.wikimedia.org/wikipedia/en/thumb/0/02/National_Institute_of_Technology_Karnataka_Logo.svg/250px-National_Institute_of_Technology_Karnataka_Logo.svg.png,DOWNLOADED,VERIFIED_SPECIFIC,Verified authentic specific organization logo
72,NIT,National Institute of Technology Trichy (NIT),Education & Research,NIT,072_NIT_National_Institute_of_Technology_Trichy_(NIT).jpg,36157,https://upload.wikimedia.org/wikipedia/en/thumb/c/cc/NIT_Trichy_logo.png/250px-NIT_Trichy_logo.png,DOWNLOADED,VERIFIED_SPECIFIC,Verified authentic specific organization logo
73,NIT,National Institute of Technology Warangal (NIT),Education & Research,NIT,073_NIT_National_Institute_of_Technology_Warangal_(NIT).png,32285,https://upload.wikimedia.org/wikipedia/en/thumb/8/89/NIT_Warangal_logo.png/250px-NIT_Warangal_logo.png,DOWNLOADED,VERIFIED_SPECIFIC,Verified authentic specific organization logo
74,AIIMS,All India Institute of Medical Sciences Bhopal (AIIMS),Health & Medicine,AIIMS,074_AIIMS_All_India_Institute_of_Medical_Sciences_Bhopal_AIIMS.png,137381,https://en.wikipedia.org/wiki/Special:FilePath/All%20India%20Institute%20of%20Medical%20Sciences%2C%20Bhopal%20Logo.png,DOWNLOADED,VERIFIED_SPECIFIC,Official AIIMS Bhopal campus seal with Stupa motif
75,AIIMS,All India Institute of Medical Sciences Bhubaneswar (AIIMS),Health & Medicine,AIIMS,075_AIIMS_All_India_Institute_of_Medical_Sciences_Bhubaneswar_AIIMS.png,183311,https://en.wikipedia.org/wiki/Special:FilePath/AIIMS%20Bhubaneswar%20logo.png,DOWNLOADED,VERIFIED_SPECIFIC,Official AIIMS Bhubaneswar campus seal with Konark wheel motif
76,AIIMS,All India Institute of Medical Sciences Jodhpur (AIIMS),Health & Medicine,AIIMS,076_AIIMS_All_India_Institute_of_Medical_Sciences_Jodhpur_AIIMS.png,176938,https://en.wikipedia.org/wiki/Special:FilePath/The%20Official%20Seal%20of%20AIIMS%20Jodhpur.png,DOWNLOADED,VERIFIED_SPECIFIC,Official AIIMS Jodhpur campus seal
77,AIIMS,All India Institute of Medical Sciences New Delhi (AIIMS),Health & Medicine,AIIMS,077_AIIMS_All_India_Institute_of_Medical_Sciences_New_Delhi_(AIIMS).png,74258,https://upload.wikimedia.org/wikipedia/commons/2/29/AIIMS_New_Delhi.png,DOWNLOADED,VERIFIED_SPECIFIC,Verified authentic specific organization logo
78,AIIMS,All India Institute of Medical Sciences Patna (AIIMS),Health & Medicine,AIIMS,078_AIIMS_All_India_Institute_of_Medical_Sciences_Patna_AIIMS.png,164337,https://en.wikipedia.org/wiki/Special:FilePath/All%20India%20Institute%20of%20Medical%20Sciences%2C%20Patna%20logo.png,DOWNLOADED,VERIFIED_SPECIFIC,Official AIIMS Patna campus seal
79,AIIMS,All India Institute of Medical Sciences Raipur (AIIMS),Health & Medicine,AIIMS,079_AIIMS_All_India_Institute_of_Medical_Sciences_Raipur_AIIMS.png,172988,https://en.wikipedia.org/wiki/Special:FilePath/All%20India%20Institute%20of%20Medical%20Sciences%2C%20Raipur%20logo.png,DOWNLOADED,VERIFIED_SPECIFIC,Official AIIMS Raipur campus seal
80,AIIMS,All India Institute of Medical Sciences Rishikesh (AIIMS),Health & Medicine,AIIMS,080_AIIMS_All_India_Institute_of_Medical_Sciences_Rishikesh_AIIMS.svg,149284,https://en.wikipedia.org/wiki/Special:FilePath/All%20India%20Institute%20of%20Medical%20Sciences%2C%20Rishikesh.svg,DOWNLOADED,VERIFIED_SPECIFIC,Official AIIMS Rishikesh campus seal with Himalayas/Ganga motif
81,AAI,Airports Authority of India (AAI),Public Sector Undertaking,Central PSU,081_AAI_Airports_Authority_of_India_(AAI).png,45968,https://upload.wikimedia.org/wikipedia/commons/9/92/Airports_authority_of_India_Logo.png,DOWNLOADED,VERIFIED_SPECIFIC,Verified authentic specific organization logo
82,BDL,Bharat Dynamics Limited (BDL),Public Sector Undertaking,Central PSU,082_BDL_Bharat_Dynamics_Limited_(BDL).svg,108774,https://upload.wikimedia.org/wikipedia/en/thumb/e/e0/Bharat_Dynamics_logo.svg/220px-Bharat_Dynamics_logo.svg.png,DOWNLOADED,VERIFIED_SPECIFIC,Verified authentic specific organization logo
83,BEML,Bharat Earth Movers Limited (BEML),Public Sector Undertaking,Central PSU,083_BEML_Bharat_Earth_Movers_Limited_(BEML).svg,36045,https://upload.wikimedia.org/wikipedia/en/thumb/9/9c/BEML_Limited_Logo.svg/220px-BEML_Limited_Logo.svg.png,DOWNLOADED,VERIFIED_SPECIFIC,Verified authentic specific organization logo
84,BEL,Bharat Electronics Limited (BEL),Public Sector Undertaking,Central PSU,084_BEL_Bharat_Electronics_Limited_(BEL).svg,132685,https://upload.wikimedia.org/wikipedia/en/thumb/2/22/Bharat_Electronics_logo.svg/220px-Bharat_Electronics_logo.svg.png,DOWNLOADED,VERIFIED_SPECIFIC,Verified authentic specific organization logo
85,BHEL,Bharat Heavy Electricals Limited (BHEL),Public Sector Undertaking,Central PSU,085_BHEL_Bharat_Heavy_Electricals_Limited_(BHEL).svg,6817,https://upload.wikimedia.org/wikipedia/commons/c/c5/BHEL_logo.svg,DOWNLOADED,VERIFIED_SPECIFIC,Verified authentic specific organization logo
86,BPCL,Bharat Petroleum Corporation Limited (BPCL),Public Sector Undertaking,Central PSU,086_BPCL_Bharat_Petroleum_Corporation_Limited_(BPCL).webp,13814,https://upload.wikimedia.org/wikipedia/commons/9/90/Bharat_Petroleum_Logo.svg,DOWNLOADED,VERIFIED_SPECIFIC,Verified authentic specific organization logo
87,BSNL,Bharat Sanchar Nigam Limited (BSNL),Public Sector Undertaking,Central PSU,087_BSNL_Bharat_Sanchar_Nigam_Limited_(BSNL).jpg,76394,https://upload.wikimedia.org/wikipedia/commons/9/94/BSNL_Logo.svg,DOWNLOADED,VERIFIED_SPECIFIC,Verified authentic specific organization logo
88,CIL,Coal India Limited (CIL),Public Sector Undertaking,Central PSU,088_CIL_Coal_India_Limited_(CIL).svg,29942,https://upload.wikimedia.org/wikipedia/en/thumb/0/0a/Coal_India_Logo.svg/220px-Coal_India_Logo.svg.png,DOWNLOADED,VERIFIED_SPECIFIC,Verified authentic specific organization logo
89,CONCOR,Container Corporation of India (CONCOR),Public Sector Undertaking,Central PSU,089_CONCOR_Container_Corporation_of_India_(CONCOR).svg,10990,https://upload.wikimedia.org/wikipedia/en/thumb/4/4b/Container_Corporation_of_India_Logo.svg/220px-Container_Corporation_of_India_Logo.svg.png,DOWNLOADED,VERIFIED_SPECIFIC,Verified authentic specific organization logo
90,EIL,Engineers India Limited (EIL),Public Sector Undertaking,Central PSU,090_EIL_Engineers_India_Limited_(EIL).svg,11644,https://upload.wikimedia.org/wikipedia/en/thumb/7/77/Engineers_India_Limited_Logo.svg/220px-Engineers_India_Limited_Logo.svg.png,DOWNLOADED,VERIFIED_SPECIFIC,Verified authentic specific organization logo
91,FCI,Food Corporation of India (FCI),Public Sector Undertaking,Central PSU,091_FCI_Food_Corporation_of_India_(FCI).svg,16261,https://upload.wikimedia.org/wikipedia/commons/e/ec/FCI_logo.svg,DOWNLOADED,VERIFIED_SPECIFIC,Verified authentic specific organization logo
92,GAIL,GAIL India Limited (GAIL),Public Sector Undertaking,Central PSU,092_GAIL_GAIL_India_Limited_(GAIL).webp,18256,https://upload.wikimedia.org/wikipedia/commons/c/c3/GAIL_Logo.svg,DOWNLOADED,VERIFIED_SPECIFIC,Verified authentic specific organization logo
93,GRSE,Garden Reach Shipbuilders (GRSE),Public Sector Undertaking,Central PSU,093_GRSE_Garden_Reach_Shipbuilders_(GRSE).jpg,44699,https://upload.wikimedia.org/wikipedia/en/thumb/e/ec/Garden_Reach_Shipbuilders_%26_Engineers_Logo.svg/220px-Garden_Reach_Shipbuilders_%26_Engineers_Logo.svg.png,DOWNLOADED,VERIFIED_SPECIFIC,Verified authentic specific organization logo
94,HAL,Hindustan Aeronautics Limited (HAL),Public Sector Undertaking,Central PSU,094_HAL_Hindustan_Aeronautics_Limited_(HAL).svg,111944,https://upload.wikimedia.org/wikipedia/commons/7/74/Hindustan_Aeronautics_Limited_Logo.svg,DOWNLOADED,VERIFIED_SPECIFIC,Verified authentic specific organization logo
95,HPCL,Hindustan Petroleum Corporation Limited (HPCL),Public Sector Undertaking,Central PSU,095_HPCL_Hindustan_Petroleum_Corporation_Limited_(HPCL).svg,41391,https://upload.wikimedia.org/wikipedia/commons/c/c6/Hindustan_Petroleum_Logo.svg,DOWNLOADED,VERIFIED_SPECIFIC,Verified authentic specific organization logo
96,HUDCO,Housing and Urban Development Corporation (HUDCO),Public Sector Undertaking,Central PSU,096_HUDCO_Housing_and_Urban_Development_Corporation_(HUDCO).svg,8769,https://upload.wikimedia.org/wikipedia/en/thumb/1/1a/HUDCO_Logo.svg/220px-HUDCO_Logo.svg.png,DOWNLOADED,VERIFIED_SPECIFIC,Verified authentic specific organization logo
97,IRCON,IRCON International Limited (IRCON),Public Sector Undertaking,Central PSU,097_IRCON_Ircon_International_Limited_IRCON.svg,7379,https://upload.wikimedia.org/wikipedia/en/thumb/b/b3/Ircon_International_logo.svg/220px-Ircon_International_logo.svg.png,DOWNLOADED,VERIFIED_SPECIFIC,Verified authentic specific organization logo
98,IOCL,Indian Oil Corporation Limited (IOCL),Public Sector Undertaking,Central PSU,098_IOCL_Indian_Oil_Corporation_Limited_(IOCL).svg,21302,https://upload.wikimedia.org/wikipedia/commons/d/de/Indian_Oil_Logo.svg,DOWNLOADED,VERIFIED_SPECIFIC,Verified authentic specific organization logo
99,IRCTC,Indian Railway Catering and Tourism Corporation (IRCTC),Public Sector Undertaking,Central PSU,099_IRCTC_Indian_Railway_Catering_and_Tourism_Corporation_(IRCTC).svg,30176,https://upload.wikimedia.org/wikipedia/en/thumb/4/45/IRCTC_Logo.svg/220px-IRCTC_Logo.svg.png,DOWNLOADED,VERIFIED_SPECIFIC,Verified authentic specific organization logo
100,MTNL,Mahanagar Telephone Nigam Limited (MTNL),Public Sector Undertaking,Central PSU,100_MTNL_Mahanagar_Telephone_Nigam_Limited_(MTNL).svg,2475,https://upload.wikimedia.org/wikipedia/commons/9/91/Mahanagar_Telephone_Nigam_Logo.svg,DOWNLOADED,VERIFIED_SPECIFIC,Verified authentic specific organization logo
101,MDL,Mazagon Dock Shipbuilders Limited (MDL),Public Sector Undertaking,Central PSU,101_MDL_Mazagon_Dock_Shipbuilders_Limited_MDL.svg,40234,https://upload.wikimedia.org/wikipedia/en/thumb/7/75/Mazagon_Dock_Shipbuilders_Logo.svg/220px-Mazagon_Dock_Shipbuilders_Logo.svg.png,DOWNLOADED,VERIFIED_SPECIFIC,Verified authentic specific organization logo
102,NLCIL,NLC India Limited (NLCIL),Public Sector Undertaking,Central PSU,102_NLCIL_NLC_India_Limited_(NLCIL).jpg,64080,https://upload.wikimedia.org/wikipedia/en/thumb/5/52/NLC_India_Limited_Logo.svg/220px-NLC_India_Limited_Logo.svg.png,DOWNLOADED,VERIFIED_SPECIFIC,Verified authentic specific organization logo
103,NTPC,NTPC Limited (NTPC),Public Sector Undertaking,Central PSU,103_NTPC_NTPC_Limited_(NTPC).svg,99935,https://upload.wikimedia.org/wikipedia/commons/c/c2/NTPC_Logo.svg,DOWNLOADED,VERIFIED_SPECIFIC,Verified authentic specific organization logo
104,NALCO,National Aluminium Company (NALCO),Public Sector Undertaking,Central PSU,104_NALCO_National_Aluminium_Company_(NALCO).svg,304588,https://upload.wikimedia.org/wikipedia/en/thumb/1/10/National_Aluminium_Company_Logo.svg/220px-National_Aluminium_Company_Logo.svg.png,DOWNLOADED,VERIFIED_SPECIFIC,Verified authentic specific organization logo
105,NBCC,National Buildings Construction Corporation (NBCC),Public Sector Undertaking,Central PSU,105_NBCC_NBCC_India_Limited.svg,29878,https://upload.wikimedia.org/wikipedia/en/thumb/4/41/NBCC_India_Logo.svg/220px-NBCC_India_Logo.svg.png,DOWNLOADED,VERIFIED_SPECIFIC,Verified authentic specific organization logo
106,NMDC,National Mineral Development Corporation (NMDC),Public Sector Undertaking,Central PSU,106_NMDC_National_Mineral_Development_Corporation_(NMDC).svg,49166,https://upload.wikimedia.org/wikipedia/en/thumb/2/2e/NMDC_Limited_Logo.svg/220px-NMDC_Limited_Logo.svg.png,DOWNLOADED,VERIFIED_SPECIFIC,Verified authentic specific organization logo
107,NPCIL,Nuclear Power Corporation of India Limited (NPCIL),Public Sector Undertaking,Central PSU,107_NPCIL_Nuclear_Power_Corporation_of_India_NPCIL.svg,119340,https://upload.wikimedia.org/wikipedia/commons/1/19/Nuclear_Power_Corporation_of_India_logo.svg,DOWNLOADED,VERIFIED_SPECIFIC,Verified authentic specific organization logo
108,OIL,Oil India Limited (OIL),Public Sector Undertaking,Central PSU,108_OIL_Oil_India_Limited_(OIL).svg,20153,https://upload.wikimedia.org/wikipedia/commons/9/9f/Oil_India_Logo.svg,DOWNLOADED,VERIFIED_SPECIFIC,Verified authentic specific organization logo
109,ONGC,Oil and Natural Gas Corporation (ONGC),Public Sector Undertaking,Central PSU,109_ONGC_Oil_and_Natural_Gas_Corporation_(ONGC).svg,30827,https://upload.wikimedia.org/wikipedia/commons/4/47/ONGC_Logo.svg,DOWNLOADED,VERIFIED_SPECIFIC,Verified authentic specific organization logo
110,PFC,Power Finance Corporation (PFC),Public Sector Undertaking,Central PSU,110_PFC_Power_Finance_Corporation_(PFC).svg,446655,https://upload.wikimedia.org/wikipedia/en/thumb/8/86/Power_Finance_Corporation_Logo.svg/220px-Power_Finance_Corporation_Logo.svg.png,DOWNLOADED,VERIFIED_SPECIFIC,Verified authentic specific organization logo
111,POWERGRID,Power Grid Corporation of India Limited (POWERGRID),Public Sector Undertaking,Central PSU,111_POWERGRID_Power_Grid_Corporation_of_India_Limited_(POWERGRID).svg,23673,https://upload.wikimedia.org/wikipedia/commons/4/4c/Power_Grid_Corporation_of_India_Logo.svg,DOWNLOADED,VERIFIED_SPECIFIC,Verified authentic specific organization logo
112,RITES,RITES Limited (RITES),Public Sector Undertaking,Central PSU,112_RITES_RITES_Limited.svg,50168,https://upload.wikimedia.org/wikipedia/en/thumb/9/94/RITES_Logo.svg/220px-RITES_Logo.svg.png,DOWNLOADED,VERIFIED_SPECIFIC,Verified authentic specific organization logo
113,RVNL,Rail Vikas Nigam Limited (RVNL),Public Sector Undertaking,Central PSU,113_RVNL_Rail_Vikas_Nigam_Limited_(RVNL).png,17718,https://upload.wikimedia.org/wikipedia/en/thumb/c/cf/Rail_Vikas_Nigam_Logo.svg/220px-Rail_Vikas_Nigam_Logo.svg.png,DOWNLOADED,VERIFIED_SPECIFIC,Verified authentic specific organization logo
114,RINL,Rashtriya Ispat Nigam Limited (RINL),Public Sector Undertaking,Central PSU,114_RINL_Rashtriya_Ispat_Nigam_Limited_RINL.svg,62374,https://upload.wikimedia.org/wikipedia/en/thumb/9/96/Rashtriya_Ispat_Nigam_Logo.svg/220px-Rashtriya_Ispat_Nigam_Logo.svg.png,DOWNLOADED,VERIFIED_SPECIFIC,Verified authentic specific organization logo
115,REC,Rural Electrification Corporation (REC),Public Sector Undertaking,Central PSU,115_REC_Rural_Electrification_Corporation_(REC).webp,20094,https://upload.wikimedia.org/wikipedia/en/thumb/3/30/REC_Limited_Logo.svg/220px-REC_Limited_Logo.svg.png,DOWNLOADED,VERIFIED_SPECIFIC,Verified authentic specific organization logo
116,SCI,Shipping Corporation of India (SCI),Public Sector Undertaking,Central PSU,116_SCI_Shipping_Corporation_of_India_(SCI).svg,29626,https://upload.wikimedia.org/wikipedia/commons/8/81/Shipping_Corporation_of_India_Logo.svg,DOWNLOADED,VERIFIED_SPECIFIC,Verified authentic specific organization logo
117,SAIL,Steel Authority of India Limited (SAIL),Public Sector Undertaking,Central PSU,117_SAIL_Steel_Authority_of_India_Limited_(SAIL).svg,7867,https://upload.wikimedia.org/wikipedia/commons/0/07/Steel_Authority_of_India_Logo.svg,DOWNLOADED,VERIFIED_SPECIFIC,Verified authentic specific organization logo
118,RRB / RRC Centralized Logo,Indian Railways (RRB / RRC Centralized Logo),Railways,Recruitment Board,118_RRB_RRC_Centralized_Logo_Indian_Railways_(RRB_RRC_Centralized_Logo).jpg,79800,https://upload.wikimedia.org/wikipedia/commons/a/ab/Indian_Railways_logo.svg,DOWNLOADED,VERIFIED_SPECIFIC,Verified authentic specific organization logo
119,BARC,Bhabha Atomic Research Centre (BARC),Science & Research,Apex Research Organization,119_BARC_Bhabha_Atomic_Research_Centre_(BARC).png,303904,https://upload.wikimedia.org/wikipedia/commons/3/3d/Bhabha_Atomic_Research_Centre_Logo.svg,DOWNLOADED,VERIFIED_SPECIFIC,Verified authentic specific organization logo
120,CSIR,Council of Scientific and Industrial Research (CSIR),Science & Research,Apex Research Organization,120_CSIR_Council_of_Scientific_and_Industrial_Research_(CSIR).png,160021,https://upload.wikimedia.org/wikipedia/commons/c/cc/CSIR_India.svg,DOWNLOADED,VERIFIED_SPECIFIC,Verified authentic specific organization logo
121,DRDO,Defence Research and Development Organisation (DRDO),Science & Research,Apex Research Organization,121_DRDO_Defence_Research_and_Development_Organisation_(DRDO).svg,855338,https://upload.wikimedia.org/wikipedia/commons/6/6f/DRDO_seal.svg,DOWNLOADED,VERIFIED_SPECIFIC,Verified authentic specific organization logo
122,DAE,Department of Atomic Energy (DAE),Science & Research,Apex Research Organization,122_DAE_Department_of_Atomic_Energy_DAE.svg,158549,https://en.wikipedia.org/wiki/Special:FilePath/Department%20of%20Atomic%20Energy.svg,DOWNLOADED,VERIFIED_SPECIFIC,Official Department of Atomic Energy (DAE) atomic emblem
123,ICAR,Indian Council of Agricultural Research (ICAR),Science & Research,Apex Research Organization,123_ICAR_Indian_Council_of_Agricultural_Research_(ICAR).svg,7971,https://upload.wikimedia.org/wikipedia/commons/7/7b/Indian_Council_of_Agricultural_Research_Logo.svg,DOWNLOADED,VERIFIED_SPECIFIC,Verified authentic specific organization logo
124,ICMR,Indian Council of Medical Research (ICMR),Science & Research,Apex Research Organization,124_ICMR_Indian_Council_of_Medical_Research_(ICMR).svg,61652,https://upload.wikimedia.org/wikipedia/commons/4/4e/Indian_Council_of_Medical_Research_Logo.svg,DOWNLOADED,VERIFIED_SPECIFIC,Verified authentic specific organization logo
125,ISRO,Indian Space Research Organisation (ISRO),Science & Research,Apex Research Organization,125_ISRO_Indian_Space_Research_Organisation_(ISRO).svg,6264,https://upload.wikimedia.org/wikipedia/commons/b/bd/Indian_Space_Research_Organisation_Logo.svg,DOWNLOADED,VERIFIED_SPECIFIC,Verified authentic specific organization logo
126,APPRB,Andhra Pradesh Police Recruitment Board,State Government,State Commission / Board,126_APPRB_Andhra_Pradesh_Police_Recruitment_Board.png,37331,https://upload.wikimedia.org/wikipedia/te/e/ea/Appolice%28emblem%29.png,DOWNLOADED,VERIFIED_SPECIFIC,Verified authentic specific organization logo
127,APPSC,Andhra Pradesh Public Service Commission (APPSC),State Government,State Commission / Board,127_APPSC_Andhra_Pradesh_Public_Service_Commission_(APPSC).svg,892407,https://upload.wikimedia.org/wikipedia/commons/3/37/Emblem_of_Andhra_Pradesh.svg,DOWNLOADED,VERIFIED_SPECIFIC,Verified authentic specific organization logo
128,APSEP,Andhra Pradesh State Electricity / Power Generation Board,State Government,State Commission / Board,128_APSEP_Andhra_Pradesh_State_Electricity_Power_Generation_Board.png,92669,https://apgenco.gov.in/includes/assets/images/logos/apgenco2.png,DOWNLOADED,VERIFIED_SPECIFIC,Verified authentic specific organization logo
129,APSRT,Andhra Pradesh State Road Transport Corporation,State Government,State Commission / Board,129_APSRT_Andhra_Pradesh_State_Road_Transport_Corporation.gif,18336,https://www.apsrtc.ap.gov.in/images/apsrtc_logo1.gif,DOWNLOADED,VERIFIED_SPECIFIC,Verified authentic specific organization logo
130,APPRB,Arunachal Pradesh Police Recruitment Board,State Government,State Commission / Board,130_APPRB_Arunachal_Pradesh_Police_Recruitment_Board.png,17567,https://upload.wikimedia.org/wikipedia/en/c/c9/Arunachal_Pradesh_Police_Logo.png,DOWNLOADED,VERIFIED_SPECIFIC,Verified authentic specific organization logo
131,APPSC,Arunachal Pradesh Public Service Commission (APPSC),State Government,State Commission / Board,131_APPSC_Arunachal_Pradesh_Public_Service_Commission_(APPSC).svg,242151,https://upload.wikimedia.org/wikipedia/commons/d/d4/Emblem_of_Arunachal_Pradesh.svg,DOWNLOADED,STATE_EMBLEM_FALLBACK,State Government seal/emblem used for state body
132,APSEP,Arunachal Pradesh State Electricity / Power Generation Board,State Government,State Commission / Board,132_APSEP_Arunachal_Pradesh_State_Electricity_Power_Generation_Board.svg,242151,https://upload.wikimedia.org/wikipedia/commons/d/d4/Emblem_of_Arunachal_Pradesh.svg,DOWNLOADED,STATE_EMBLEM_FALLBACK,State Government seal/emblem used for state body
133,APSRT,Arunachal Pradesh State Road Transport Corporation,State Government,State Commission / Board,133_APSRT_Arunachal_Pradesh_State_Road_Transport_Corporation.svg,242151,https://en.wikipedia.org/wiki/Special:FilePath/Arunachal%20Pradesh%20Seal.svg,DOWNLOADED,VERIFIED_SPECIFIC,Verified authentic specific organization logo
134,APRB,Assam Police Recruitment Board,State Government,State Commission / Board,134_APRB_Assam_Police_Recruitment_Board.png,203501,https://upload.wikimedia.org/wikipedia/en/2/24/Assam_Police_badge.png,DOWNLOADED,VERIFIED_SPECIFIC,Verified authentic specific organization logo
135,APSC,Assam Public Service Commission (APSC),State Government,State Commission / Board,135_APSC_Assam_Public_Service_Commission_(APSC).webp,55574,https://upload.wikimedia.org/wikipedia/commons/7/70/Emblem_of_Assam.svg,DOWNLOADED,STATE_EMBLEM_FALLBACK,State Government seal/emblem used for state body
136,ASEPG,Assam State Electricity / Power Generation Board,State Government,State Commission / Board,136_ASEPG_Assam_State_Electricity_Power_Generation_Board.png,18579,https://kamrup.assam.gov.in/sites/default/files/inline-images/APDCL-ORG_0.png,DOWNLOADED,VERIFIED_SPECIFIC,Official Assam Power Distribution Company Limited (APDCL) corporate logo
137,ASRTC,Assam State Road Transport Corporation,State Government,State Commission / Board,137_ASRTC_Assam_State_Road_Transport_Corporation.webp,55574,https://upload.wikimedia.org/wikipedia/commons/7/70/Emblem_of_Assam.svg,DOWNLOADED,STATE_EMBLEM_FALLBACK,State Government seal/emblem used for state body
138,BPRB,Bihar Police Recruitment Board,State Government,State Commission / Board,138_BPRB_Bihar_Police_Recruitment_Board.svg,21760,https://upload.wikimedia.org/wikipedia/en/8/89/Bihar_Police_Logo.svg,DOWNLOADED,VERIFIED_SPECIFIC,Verified authentic specific organization logo
139,BPSC,Bihar Public Service Commission (BPSC),State Government,State Commission / Board,139_BPSC_Bihar_Public_Service_Commission_(BPSC).webp,27950,https://upload.wikimedia.org/wikipedia/commons/e/e9/Emblem_of_Bihar.svg,DOWNLOADED,STATE_EMBLEM_FALLBACK,State Government seal/emblem used for state body
140,BSEPG,Bihar State Electricity / Power Generation Board,State Government,State Commission / Board,140_BSEPG_Bihar_State_Electricity_Power_Generation_Board.png,983785,https://hrmspension.bsphcl.co.in:9010/images/bihar-logo.png,DOWNLOADED,VERIFIED_SPECIFIC,Verified authentic specific organization logo
141,BSRTC,Bihar State Road Transport Corporation,State Government,State Commission / Board,141_BSRTC_Bihar_State_Road_Transport_Corporation.webp,27950,https://upload.wikimedia.org/wikipedia/commons/e/e9/Emblem_of_Bihar.svg,DOWNLOADED,STATE_EMBLEM_FALLBACK,State Government seal/emblem used for state body
142,CPRB,Chhattisgarh Police Recruitment Board,State Government,State Commission / Board,142_CPRB_Chhattisgarh_Police_Recruitment_Board.webp,97748,https://upload.wikimedia.org/wikipedia/commons/5/57/Emblem_of_Chhattisgarh.svg,DOWNLOADED,VERIFIED_SPECIFIC,Verified authentic specific organization logo
143,CPSC,Chhattisgarh Public Service Commission (CPSC),State Government,State Commission / Board,143_CPSC_Chhattisgarh_Public_Service_Commission_(CPSC).webp,97748,https://upload.wikimedia.org/wikipedia/commons/5/57/Emblem_of_Chhattisgarh.svg,DOWNLOADED,VERIFIED_SPECIFIC,Verified authentic specific organization logo
144,CSEPG,Chhattisgarh State Electricity / Power Generation Board,State Government,State Commission / Board,144_CSEPG_Chhattisgarh_State_Electricity_Power_Generation_Board.webp,97748,https://upload.wikimedia.org/wikipedia/commons/5/57/Emblem_of_Chhattisgarh.svg,DOWNLOADED,VERIFIED_SPECIFIC,Verified authentic specific organization logo
145,CSRTC,Chhattisgarh State Road Transport Corporation,State Government,State Commission / Board,145_CSRTC_Chhattisgarh_State_Road_Transport_Corporation.webp,97748,https://upload.wikimedia.org/wikipedia/commons/5/57/Emblem_of_Chhattisgarh.svg,DOWNLOADED,VERIFIED_SPECIFIC,Verified authentic specific organization logo
146,DPRB,Delhi Police Recruitment Board,State Government,State Commission / Board,146_DPRB_Delhi_Police_Recruitment_Board.png,155755,https://upload.wikimedia.org/wikipedia/commons/0/09/Delhi_Police_Logo.png,DOWNLOADED,VERIFIED_SPECIFIC,Verified authentic specific organization logo
147,DPSC,Delhi Public Service Commission (DPSC),State Government,State Commission / Board,147_DPSC_Delhi_Public_Service_Commission_DPSC.png,14936,https://dsssb.delhi.gov.in/sites/default/files/DSSSB/logo/dsssb.png,DOWNLOADED,VERIFIED_SPECIFIC,Official Delhi Subordinate Services Selection Board (DSSSB) seal
148,DSEPG,Delhi State Electricity / Power Generation Board,State Government,State Commission / Board,148_DSEPG_Delhi_State_Electricity_Power_Generation_Board.png,10659,https://dtl.gov.in/images/dtl-logo.png,DOWNLOADED,VERIFIED_SPECIFIC,Official Delhi Transco Limited (DTL) corporate logo
149,DSRTC,Delhi State Road Transport Corporation,State Government,State Commission / Board,149_DSRTC_Delhi_State_Road_Transport_Corporation.png,39120,https://upload.wikimedia.org/wikipedia/en/f/fb/Delhi_Transport_Corporation_logo.png,DOWNLOADED,VERIFIED_SPECIFIC,Verified authentic specific organization logo
150,GPRB,Goa Police Recruitment Board,State Government,State Commission / Board,150_GPRB_Goa_Police_Recruitment_Board.png,38759,https://upload.wikimedia.org/wikipedia/en/d/dd/Emblem_of_Goa_Police.png,DOWNLOADED,STATE_EMBLEM_FALLBACK,State Government seal/emblem used for state body
151,GPSC,Goa Public Service Commission (GPSC),State Government,State Commission / Board,151_GPSC_Goa_Public_Service_Commission_(GPSC).svg,484678,https://upload.wikimedia.org/wikipedia/commons/5/5e/Emblem_of_Goa.svg,DOWNLOADED,STATE_EMBLEM_FALLBACK,State Government seal/emblem used for state body
152,GSEPG,Goa State Electricity / Power Generation Board,State Government,State Commission / Board,152_GSEPG_Goa_State_Electricity_Power_Generation_Board.svg,484678,https://upload.wikimedia.org/wikipedia/commons/5/5e/Emblem_of_Goa.svg,DOWNLOADED,STATE_EMBLEM_FALLBACK,State Government seal/emblem used for state body
153,GSRTC,Goa State Road Transport Corporation,State Government,State Commission / Board,153_GSRTC_Goa_State_Road_Transport_Corporation.png,38882,https://upload.wikimedia.org/wikipedia/en/0/05/Kadamba_Transport_Corporation_logo.png,DOWNLOADED,VERIFIED_SPECIFIC,Verified authentic specific organization logo
154,GPRB,Gujarat Police Recruitment Board,State Government,State Commission / Board,154_GPRB_Gujarat_Police_Recruitment_Board.png,159170,https://upload.wikimedia.org/wikipedia/commons/c/cd/Gujarat-police.png,DOWNLOADED,VERIFIED_SPECIFIC,Verified authentic specific organization logo
155,GPSC,Gujarat Public Service Commission (GPSC),State Government,State Commission / Board,155_GPSC_Gujarat_Public_Service_Commission_GPSC.png,79306,https://gpsc.gujarat.gov.in/images/Logo-GPSC.png,DOWNLOADED,VERIFIED_SPECIFIC,Official Gujarat Public Service Commission (GPSC) emblem
156,GSEPG,Gujarat State Electricity / Power Generation Board,State Government,State Commission / Board,156_GSEPG_Gujarat_State_Electricity_Power_Generation_Board.png,6631,https://www.guvnl.com/img/Logo_GSECL.png,DOWNLOADED,VERIFIED_SPECIFIC,Official Gujarat State Electricity / GUVNL / GSECL corporate logo
157,GSRTC,Gujarat State Road Transport Corporation,State Government,State Commission / Board,157_GSRTC_Gujarat_State_Road_Transport_Corporation.jpg,458177,https://en.wikipedia.org/wiki/Special:FilePath/Gujarat%20State%20road%20transport%20corporation.jpg,DOWNLOADED,VERIFIED_SPECIFIC,Official Gujarat State Road Transport Corporation (GSRTC) gear crest
158,HPRB,Haryana Police Recruitment Board,State Government,State Commission / Board,158_HPRB_Haryana_Police_Recruitment_Board.png,24282,https://upload.wikimedia.org/wikipedia/en/d/d0/Haryana-police-logo.png,DOWNLOADED,VERIFIED_SPECIFIC,Verified authentic specific organization logo
159,HPSC,Haryana Public Service Commission (HPSC),State Government,State Commission / Board,159_HPSC_Haryana_Public_Service_Commission_(HPSC).svg,564423,https://upload.wikimedia.org/wikipedia/commons/3/36/Emblem_of_Haryana.svg,DOWNLOADED,STATE_EMBLEM_FALLBACK,State Government seal/emblem used for state body
160,HSEPG,Haryana State Electricity / Power Generation Board,State Government,State Commission / Board,160_HSEPG_Haryana_State_Electricity_Power_Generation_Board.svg,564423,https://upload.wikimedia.org/wikipedia/commons/3/36/Emblem_of_Haryana.svg,DOWNLOADED,STATE_EMBLEM_FALLBACK,State Government seal/emblem used for state body
161,HSRTC,Haryana State Road Transport Corporation,State Government,State Commission / Board,161_HSRTC_Haryana_State_Road_Transport_Corporation.svg,564423,https://upload.wikimedia.org/wikipedia/commons/3/36/Emblem_of_Haryana.svg,DOWNLOADED,STATE_EMBLEM_FALLBACK,State Government seal/emblem used for state body
162,HPPRB,Himachal Pradesh Police Recruitment Board,State Government,State Commission / Board,162_HPPRB_Himachal_Pradesh_Police_Recruitment_Board.png,123763,https://upload.wikimedia.org/wikipedia/en/9/9c/Himachal_Pradesh_Police_Logo.png,DOWNLOADED,VERIFIED_SPECIFIC,Verified authentic specific organization logo
163,HPPSC,Himachal Pradesh Public Service Commission (HPPSC),State Government,State Commission / Board,163_HPPSC_Himachal_Pradesh_Public_Service_Commission_(HPPSC).png,18601,https://upload.wikimedia.org/wikipedia/commons/a/a6/Emblem_of_Himachal_Pradesh.svg,DOWNLOADED,STATE_EMBLEM_FALLBACK,State Government seal/emblem used for state body
164,HPSEP,Himachal Pradesh State Electricity / Power Generation Board,State Government,State Commission / Board,164_HPSEP_Himachal_Pradesh_State_Electricity_Power_Generation_Board.svg,317996,https://upload.wikimedia.org/wikipedia/commons/a/a6/Emblem_of_Himachal_Pradesh.svg,DOWNLOADED,STATE_EMBLEM_FALLBACK,State Government seal/emblem used for state body
165,HPSRT,Himachal Pradesh State Road Transport Corporation,State Government,State Commission / Board,165_HPSRT_Himachal_Pradesh_State_Road_Transport_Corporation.svg,317996,https://upload.wikimedia.org/wikipedia/commons/a/a6/Emblem_of_Himachal_Pradesh.svg,DOWNLOADED,STATE_EMBLEM_FALLBACK,State Government seal/emblem used for state body
166,JPRB,Jharkhand Police Recruitment Board,State Government,State Commission / Board,166_JPRB_Jharkhand_Police_Recruitment_Board.svg,13010,https://upload.wikimedia.org/wikipedia/commons/9/97/Jharkhand_Police_Logo_%28India%29.svg,DOWNLOADED,VERIFIED_SPECIFIC,Verified authentic specific organization logo
167,JPSC,Jharkhand Public Service Commission (JPSC),State Government,State Commission / Board,167_JPSC_Jharkhand_Public_Service_Commission_(JPSC).webp,96244,https://upload.wikimedia.org/wikipedia/commons/a/a9/Emblem_of_Jharkhand.svg,DOWNLOADED,STATE_EMBLEM_FALLBACK,State Government seal/emblem used for state body
168,JSEPG,Jharkhand State Electricity / Power Generation Board,State Government,State Commission / Board,168_JSEPG_Jharkhand_State_Electricity_Power_Generation_Board.webp,96244,https://upload.wikimedia.org/wikipedia/commons/a/a9/Emblem_of_Jharkhand.svg,DOWNLOADED,STATE_EMBLEM_FALLBACK,State Government seal/emblem used for state body
169,JSRTC,Jharkhand State Road Transport Corporation,State Government,State Commission / Board,169_JSRTC_Jharkhand_State_Road_Transport_Corporation.webp,96244,https://upload.wikimedia.org/wikipedia/commons/a/a9/Emblem_of_Jharkhand.svg,DOWNLOADED,STATE_EMBLEM_FALLBACK,State Government seal/emblem used for state body
170,KPRB,Karnataka Police Recruitment Board,State Government,State Commission / Board,170_KPRB_Karnataka_Police_Recruitment_Board.svg,445185,https://upload.wikimedia.org/wikipedia/commons/a/aa/Seal_of_Karnataka.svg,DOWNLOADED,STATE_EMBLEM_FALLBACK,State Government seal/emblem used for state body
171,KPSC,Karnataka Public Service Commission (KPSC),State Government,State Commission / Board,171_KPSC_Karnataka_Public_Service_Commission_(KPSC).svg,445185,https://upload.wikimedia.org/wikipedia/commons/a/aa/Seal_of_Karnataka.svg,DOWNLOADED,STATE_EMBLEM_FALLBACK,State Government seal/emblem used for state body
172,KSEPG,Karnataka State Electricity / Power Generation Board,State Government,State Commission / Board,172_KSEPG_Karnataka_State_Electricity_Power_Generation_Board.svg,445185,https://upload.wikimedia.org/wikipedia/commons/a/aa/Seal_of_Karnataka.svg,DOWNLOADED,STATE_EMBLEM_FALLBACK,State Government seal/emblem used for state body
173,KSRTC,Karnataka State Road Transport Corporation,State Government,State Commission / Board,173_KSRTC_Karnataka_State_Road_Transport_Corporation.png,63183,https://upload.wikimedia.org/wikipedia/commons/9/93/Karnataka_State_Road_Transport_Corporation_%28KSRTC%29_logo.png,DOWNLOADED,VERIFIED_SPECIFIC,Verified authentic specific organization logo
174,KPRB,Kerala Police Recruitment Board,State Government,State Commission / Board,174_KPRB_Kerala_Police_Recruitment_Board.png,127300,https://upload.wikimedia.org/wikipedia/commons/a/a0/Kerala_State_Police_Logo.png,DOWNLOADED,VERIFIED_SPECIFIC,Verified authentic specific organization logo
175,KPSC,Kerala Public Service Commission (KPSC),State Government,State Commission / Board,175_KPSC_Kerala_Public_Service_Commission_(KPSC).webp,39090,https://upload.wikimedia.org/wikipedia/commons/5/5b/Emblem_of_Kerala.svg,DOWNLOADED,STATE_EMBLEM_FALLBACK,State Government seal/emblem used for state body
176,KSEPG,Kerala State Electricity / Power Generation Board,State Government,State Commission / Board,176_KSEPG_Kerala_State_Electricity_Power_Generation_Board.png,11014,https://upload.wikimedia.org/wikipedia/commons/b/b0/K.S.E.B_Logo.png,DOWNLOADED,VERIFIED_SPECIFIC,Verified authentic specific organization logo
177,KSRTC,Kerala State Road Transport Corporation,State Government,State Commission / Board,177_KSRTC_Kerala_State_Road_Transport_Corporation.png,179299,https://upload.wikimedia.org/wikipedia/en/7/71/Kerala_State_Road_Transport_Corporation_logo.png,DOWNLOADED,VERIFIED_SPECIFIC,Verified authentic specific organization logo
178,MPPRB,Madhya Pradesh Police Recruitment Board,State Government,State Commission / Board,178_MPPRB_Madhya_Pradesh_Police_Recruitment_Board.png,1120088,https://upload.wikimedia.org/wikipedia/commons/4/47/Police_Mono_Other_Format_Red.png,DOWNLOADED,VERIFIED_SPECIFIC,Verified authentic specific organization logo
179,MPPSC,Madhya Pradesh Public Service Commission (MPPSC),State Government,State Commission / Board,179_MPPSC_Madhya_Pradesh_Public_Service_Commission_(MPPSC).svg,365980,https://upload.wikimedia.org/wikipedia/commons/a/a4/Emblem_of_Madhya_Pradesh.svg,DOWNLOADED,STATE_EMBLEM_FALLBACK,State Government seal/emblem used for state body
180,MPSEP,Madhya Pradesh State Electricity / Power Generation Board,State Government,State Commission / Board,180_MPSEP_Madhya_Pradesh_State_Electricity_Power_Generation_Board.svg,365980,https://upload.wikimedia.org/wikipedia/commons/a/a4/Emblem_of_Madhya_Pradesh.svg,DOWNLOADED,STATE_EMBLEM_FALLBACK,State Government seal/emblem used for state body
181,MPSRT,Madhya Pradesh State Road Transport Corporation,State Government,State Commission / Board,181_MPSRT_Madhya_Pradesh_State_Road_Transport_Corporation.svg,365980,https://upload.wikimedia.org/wikipedia/commons/a/a4/Emblem_of_Madhya_Pradesh.svg,DOWNLOADED,STATE_EMBLEM_FALLBACK,State Government seal/emblem used for state body
182,MPRB,Maharashtra Police Recruitment Board,State Government,State Commission / Board,182_MPRB_Maharashtra_Police_Recruitment_Board.svg,13856,https://upload.wikimedia.org/wikipedia/en/9/96/Maharashtra_Police_Insignia_India.svg,DOWNLOADED,VERIFIED_SPECIFIC,Verified authentic specific organization logo
183,MPSC,Maharashtra Public Service Commission (MPSC),State Government,State Commission / Board,183_MPSC_Maharashtra_Public_Service_Commission_(MPSC).webp,94122,https://upload.wikimedia.org/wikipedia/commons/8/80/Emblem_of_Maharashtra.svg,DOWNLOADED,STATE_EMBLEM_FALLBACK,State Government seal/emblem used for state body
184,MSEPG,Maharashtra State Electricity / Power Generation Board,State Government,State Commission / Board,184_MSEPG_Maharashtra_State_Electricity_Power_Generation_Board.png,18058,https://upload.wikimedia.org/wikipedia/en/4/42/Maharashtra_State_Power_Generation_Company_%28logo%29.png,DOWNLOADED,VERIFIED_SPECIFIC,Verified authentic specific organization logo
185,MSRTC,Maharashtra State Road Transport Corporation,State Government,State Commission / Board,185_MSRTC_Maharashtra_State_Road_Transport_Corporation.png,138114,https://en.wikipedia.org/wiki/Special:FilePath/Maharashtra%20State%20Road%20Transport%20Corporation%20logo.png,DOWNLOADED,VERIFIED_SPECIFIC,Official Maharashtra State Road Transport Corporation (MSRTC) lion transport logo
186,MPRB,Manipur Police Recruitment Board,State Government,State Commission / Board,186_MPRB_Manipur_Police_Recruitment_Board.webp,27018,https://upload.wikimedia.org/wikipedia/en/3/30/Manipur_Police_Logo.png,DOWNLOADED,VERIFIED_SPECIFIC,Verified authentic specific organization logo
187,MPSC,Manipur Public Service Commission (MPSC),State Government,State Commission / Board,187_MPSC_Manipur_Public_Service_Commission_(MPSC).svg,18891,https://upload.wikimedia.org/wikipedia/commons/e/ec/Emblem_of_Manipur.svg,DOWNLOADED,STATE_EMBLEM_FALLBACK,State Government seal/emblem used for state body
188,MSEPG,Manipur State Electricity / Power Generation Board,State Government,State Commission / Board,188_MSEPG_Manipur_State_Electricity_Power_Generation_Board.svg,18891,https://upload.wikimedia.org/wikipedia/commons/e/ec/Emblem_of_Manipur.svg,DOWNLOADED,STATE_EMBLEM_FALLBACK,State Government seal/emblem used for state body
189,MSRTC,Manipur State Road Transport Corporation,State Government,State Commission / Board,189_MSRTC_Manipur_State_Road_Transport_Corporation.svg,18891,https://upload.wikimedia.org/wikipedia/commons/e/ec/Emblem_of_Manipur.svg,DOWNLOADED,STATE_EMBLEM_FALLBACK,State Government seal/emblem used for state body
190,MPRB,Meghalaya Police Recruitment Board,State Government,State Commission / Board,190_MPRB_Meghalaya_Police_Recruitment_Board.svg,218042,https://upload.wikimedia.org/wikipedia/commons/f/ff/Seal_of_Meghalaya.svg,DOWNLOADED,VERIFIED_SPECIFIC,Verified authentic specific organization logo
191,MPSC,Meghalaya Public Service Commission (MPSC),State Government,State Commission / Board,191_MPSC_Meghalaya_Public_Service_Commission_(MPSC).svg,218042,https://upload.wikimedia.org/wikipedia/commons/f/ff/Seal_of_Meghalaya.svg,DOWNLOADED,VERIFIED_SPECIFIC,Verified authentic specific organization logo
192,MSEPG,Meghalaya State Electricity / Power Generation Board,State Government,State Commission / Board,192_MSEPG_Meghalaya_State_Electricity_Power_Generation_Board.svg,218042,https://upload.wikimedia.org/wikipedia/commons/f/ff/Seal_of_Meghalaya.svg,DOWNLOADED,VERIFIED_SPECIFIC,Verified authentic specific organization logo
193,MSRTC,Meghalaya State Road Transport Corporation,State Government,State Commission / Board,193_MSRTC_Meghalaya_State_Road_Transport_Corporation.svg,218042,https://upload.wikimedia.org/wikipedia/commons/f/ff/Seal_of_Meghalaya.svg,DOWNLOADED,VERIFIED_SPECIFIC,Verified authentic specific organization logo
194,MPRB,Mizoram Police Recruitment Board,State Government,State Commission / Board,194_MPRB_Mizoram_Police_Recruitment_Board.svg,761894,https://upload.wikimedia.org/wikipedia/commons/c/c5/Emblem_of_Mizoram.svg,DOWNLOADED,STATE_EMBLEM_FALLBACK,State Government seal/emblem used for state body
195,MPSC,Mizoram Public Service Commission (MPSC),State Government,State Commission / Board,195_MPSC_Mizoram_Public_Service_Commission_(MPSC).png,117637,https://upload.wikimedia.org/wikipedia/commons/c/c5/Emblem_of_Mizoram.svg,DOWNLOADED,STATE_EMBLEM_FALLBACK,State Government seal/emblem used for state body
196,MSEPG,Mizoram State Electricity / Power Generation Board,State Government,State Commission / Board,196_MSEPG_Mizoram_State_Electricity_Power_Generation_Board.svg,761894,https://upload.wikimedia.org/wikipedia/commons/c/c5/Emblem_of_Mizoram.svg,DOWNLOADED,STATE_EMBLEM_FALLBACK,State Government seal/emblem used for state body
197,MSRTC,Mizoram State Road Transport Corporation,State Government,State Commission / Board,197_MSRTC_Mizoram_State_Road_Transport_Corporation.svg,761894,https://upload.wikimedia.org/wikipedia/commons/c/c5/Emblem_of_Mizoram.svg,DOWNLOADED,STATE_EMBLEM_FALLBACK,State Government seal/emblem used for state body
198,NPRB,Nagaland Police Recruitment Board,State Government,State Commission / Board,198_NPRB_Nagaland_Police_Recruitment_Board.svg,220879,https://upload.wikimedia.org/wikipedia/commons/6/69/Emblem_of_Nagaland.svg,DOWNLOADED,STATE_EMBLEM_FALLBACK,State Government seal/emblem used for state body
199,NPSC,Nagaland Public Service Commission (NPSC),State Government,State Commission / Board,199_NPSC_Nagaland_Public_Service_Commission_(NPSC).jpg,25662,https://upload.wikimedia.org/wikipedia/commons/6/69/Emblem_of_Nagaland.svg,DOWNLOADED,STATE_EMBLEM_FALLBACK,State Government seal/emblem used for state body
200,NSEPG,Nagaland State Electricity / Power Generation Board,State Government,State Commission / Board,200_NSEPG_Nagaland_State_Electricity_Power_Generation_Board.svg,220879,https://upload.wikimedia.org/wikipedia/commons/6/69/Emblem_of_Nagaland.svg,DOWNLOADED,STATE_EMBLEM_FALLBACK,State Government seal/emblem used for state body
201,NSRTC,Nagaland State Road Transport Corporation,State Government,State Commission / Board,201_NSRTC_Nagaland_State_Road_Transport_Corporation.svg,220879,https://upload.wikimedia.org/wikipedia/commons/6/69/Emblem_of_Nagaland.svg,DOWNLOADED,STATE_EMBLEM_FALLBACK,State Government seal/emblem used for state body
202,OPRB,Odisha Police Recruitment Board,State Government,State Commission / Board,202_OPRB_Odisha_Police_Recruitment_Board.webp,46064,https://upload.wikimedia.org/wikipedia/commons/e/e0/Emblem_of_Odisha.svg,DOWNLOADED,VERIFIED_SPECIFIC,Verified authentic specific organization logo
203,OPSC,Odisha Public Service Commission (OPSC),State Government,State Commission / Board,203_OPSC_Odisha_Public_Service_Commission_(OPSC).webp,46064,https://upload.wikimedia.org/wikipedia/commons/e/e0/Emblem_of_Odisha.svg,DOWNLOADED,VERIFIED_SPECIFIC,Verified authentic specific organization logo
204,OSEPG,Odisha State Electricity / Power Generation Board,State Government,State Commission / Board,204_OSEPG_Odisha_State_Electricity_Power_Generation_Board.webp,46064,https://upload.wikimedia.org/wikipedia/commons/e/e0/Emblem_of_Odisha.svg,DOWNLOADED,VERIFIED_SPECIFIC,Verified authentic specific organization logo
205,OSRTC,Odisha State Road Transport Corporation,State Government,State Commission / Board,205_OSRTC_Odisha_State_Road_Transport_Corporation.webp,46064,https://upload.wikimedia.org/wikipedia/commons/e/e0/Emblem_of_Odisha.svg,DOWNLOADED,VERIFIED_SPECIFIC,Verified authentic specific organization logo
206,PPRB,Punjab Police Recruitment Board,State Government,State Commission / Board,206_PPRB_Punjab_Police_Recruitment_Board.webp,17776,https://upload.wikimedia.org/wikipedia/en/9/91/Punjab_Police_%28India%29_Logo.png,DOWNLOADED,VERIFIED_SPECIFIC,Verified authentic specific organization logo
207,PPSC,Punjab Public Service Commission (PPSC),State Government,State Commission / Board,207_PPSC_Punjab_Public_Service_Commission_(PPSC).png,51882,https://upload.wikimedia.org/wikipedia/commons/5/5a/Emblem_of_Punjab.svg,DOWNLOADED,VERIFIED_SPECIFIC,Verified authentic specific organization logo
208,PSEPG,Punjab State Electricity / Power Generation Board,State Government,State Commission / Board,208_PSEPG_Punjab_State_Electricity_Power_Generation_Board.jpg,472662,https://upload.wikimedia.org/wikipedia/commons/5/5a/Emblem_of_Punjab.svg,DOWNLOADED,VERIFIED_SPECIFIC,Verified authentic specific organization logo
209,PSRTC,Punjab State Road Transport Corporation,State Government,State Commission / Board,209_PSRTC_Punjab_State_Road_Transport_Corporation.jpg,472662,https://upload.wikimedia.org/wikipedia/commons/5/5a/Emblem_of_Punjab.svg,DOWNLOADED,VERIFIED_SPECIFIC,Verified authentic specific organization logo
210,RPRB,Rajasthan Police Recruitment Board,State Government,State Commission / Board,210_RPRB_Rajasthan_Police_Recruitment_Board.png,50457,https://upload.wikimedia.org/wikipedia/en/0/02/Rajasthan_Police_Logo.png,DOWNLOADED,VERIFIED_SPECIFIC,Verified authentic specific organization logo
211,RPSC,Rajasthan Public Service Commission (RPSC),State Government,State Commission / Board,211_RPSC_Rajasthan_Public_Service_Commission_RPSC.png,26420,https://rpsc.rajasthan.gov.in/Images/RPSC_Logo.png,DOWNLOADED,VERIFIED_SPECIFIC,Official Rajasthan Public Service Commission (RPSC) emblem
212,RSEPG,Rajasthan State Electricity / Power Generation Board,State Government,State Commission / Board,212_RSEPG_Rajasthan_State_Electricity_Power_Generation_Board.png,334515,https://en.wikipedia.org/wiki/Special:FilePath/Emblem_Rajasthan.png,DOWNLOADED,STATE_EMBLEM_FALLBACK,State Government seal/emblem used for state body
213,RSRTC,Rajasthan State Road Transport Corporation,State Government,State Commission / Board,213_RSRTC_Rajasthan_State_Road_Transport_Corporation.png,42795,https://upload.wikimedia.org/wikipedia/commons/a/af/RSRTC_logo.png,DOWNLOADED,VERIFIED_SPECIFIC,Verified authentic specific organization logo
214,SPRB,Sikkim Police Recruitment Board,State Government,State Commission / Board,214_SPRB_Sikkim_Police_Recruitment_Board.webp,189778,https://upload.wikimedia.org/wikipedia/commons/a/a2/Emblem_of_Sikkim.svg,DOWNLOADED,STATE_EMBLEM_FALLBACK,State Government seal/emblem used for state body
215,SPSC,Sikkim Public Service Commission (SPSC),State Government,State Commission / Board,215_SPSC_Sikkim_Public_Service_Commission_(SPSC).webp,189778,https://upload.wikimedia.org/wikipedia/commons/a/a2/Emblem_of_Sikkim.svg,DOWNLOADED,STATE_EMBLEM_FALLBACK,State Government seal/emblem used for state body
216,SSEPG,Sikkim State Electricity / Power Generation Board,State Government,State Commission / Board,216_SSEPG_Sikkim_State_Electricity_Power_Generation_Board.webp,189778,https://upload.wikimedia.org/wikipedia/commons/a/a2/Emblem_of_Sikkim.svg,DOWNLOADED,STATE_EMBLEM_FALLBACK,State Government seal/emblem used for state body
217,SSRTC,Sikkim State Road Transport Corporation,State Government,State Commission / Board,217_SSRTC_Sikkim_State_Road_Transport_Corporation.webp,189778,https://upload.wikimedia.org/wikipedia/commons/a/a2/Emblem_of_Sikkim.svg,DOWNLOADED,STATE_EMBLEM_FALLBACK,State Government seal/emblem used for state body
218,TNPRB,Tamil Nadu Police Recruitment Board,State Government,State Commission / Board,218_TNPRB_Tamil_Nadu_Police_Recruitment_Board.svg,681726,https://upload.wikimedia.org/wikipedia/commons/8/81/TamilNadu_Logo.svg,DOWNLOADED,VERIFIED_SPECIFIC,Verified authentic specific organization logo
219,TNPSC,Tamil Nadu Public Service Commission (TNPSC),State Government,State Commission / Board,219_TNPSC_Tamil_Nadu_Public_Service_Commission_(TNPSC).svg,681726,https://upload.wikimedia.org/wikipedia/commons/8/81/TamilNadu_Logo.svg,DOWNLOADED,VERIFIED_SPECIFIC,Verified authentic specific organization logo
220,TNSEP,Tamil Nadu State Electricity / Power Generation Board,State Government,State Commission / Board,220_TNSEP_Tamil_Nadu_State_Electricity_Power_Generation_Board.svg,681726,https://upload.wikimedia.org/wikipedia/commons/8/81/TamilNadu_Logo.svg,DOWNLOADED,VERIFIED_SPECIFIC,Verified authentic specific organization logo
221,TNSRT,Tamil Nadu State Road Transport Corporation,State Government,State Commission / Board,221_TNSRT_Tamil_Nadu_State_Road_Transport_Corporation.svg,681726,https://upload.wikimedia.org/wikipedia/commons/8/81/TamilNadu_Logo.svg,DOWNLOADED,VERIFIED_SPECIFIC,Verified authentic specific organization logo
222,TPRB,Telangana Police Recruitment Board,State Government,State Commission / Board,222_TPRB_Telangana_Police_Recruitment_Board.webp,18136,https://upload.wikimedia.org/wikipedia/commons/a/a0/Telangana_Police_logo.png,DOWNLOADED,VERIFIED_SPECIFIC,Verified authentic specific organization logo
223,TPSC,Telangana Public Service Commission (TPSC),State Government,State Commission / Board,223_TPSC_Telangana_Public_Service_Commission_(TPSC).webp,80628,https://upload.wikimedia.org/wikipedia/commons/e/ef/Government_of_Telangana_Logo.svg,DOWNLOADED,STATE_EMBLEM_FALLBACK,State Government seal/emblem used for state body
224,TSEPG,Telangana State Electricity / Power Generation Board,State Government,State Commission / Board,224_TSEPG_Telangana_State_Electricity_Power_Generation_Board.webp,80628,https://upload.wikimedia.org/wikipedia/commons/e/ef/Government_of_Telangana_Logo.svg,DOWNLOADED,STATE_EMBLEM_FALLBACK,State Government seal/emblem used for state body
225,TSRTC,Telangana State Road Transport Corporation,State Government,State Commission / Board,225_TSRTC_Telangana_State_Road_Transport_Corporation.png,183344,https://upload.wikimedia.org/wikipedia/en/thumb/5/55/TSRTC_Logo.png/220px-TSRTC_Logo.png,DOWNLOADED,VERIFIED_SPECIFIC,Verified authentic specific organization logo
226,TPRB,Tripura Police Recruitment Board,State Government,State Commission / Board,226_TPRB_Tripura_Police_Recruitment_Board.svg,509624,https://upload.wikimedia.org/wikipedia/commons/b/b9/Emblem_of_Tripura.svg,DOWNLOADED,VERIFIED_SPECIFIC,Verified authentic specific organization logo
227,TPSC,Tripura Public Service Commission (TPSC),State Government,State Commission / Board,227_TPSC_Tripura_Public_Service_Commission_(TPSC).svg,509624,https://upload.wikimedia.org/wikipedia/commons/b/b9/Emblem_of_Tripura.svg,DOWNLOADED,VERIFIED_SPECIFIC,Verified authentic specific organization logo
228,TSEPG,Tripura State Electricity / Power Generation Board,State Government,State Commission / Board,228_TSEPG_Tripura_State_Electricity_Power_Generation_Board.svg,509624,https://upload.wikimedia.org/wikipedia/commons/b/b9/Emblem_of_Tripura.svg,DOWNLOADED,VERIFIED_SPECIFIC,Verified authentic specific organization logo
229,TSRTC,Tripura State Road Transport Corporation,State Government,State Commission / Board,229_TSRTC_Tripura_State_Road_Transport_Corporation.svg,509624,https://upload.wikimedia.org/wikipedia/commons/b/b9/Emblem_of_Tripura.svg,DOWNLOADED,VERIFIED_SPECIFIC,Verified authentic specific organization logo
230,UPPRB,Uttar Pradesh Police Recruitment Board,State Government,State Commission / Board,230_UPPRB_Uttar_Pradesh_Police_Recruitment_Board.png,2009013,https://upload.wikimedia.org/wikipedia/commons/2/23/UP_Police_Emblem.png,DOWNLOADED,VERIFIED_SPECIFIC,Verified authentic specific organization logo
231,UPPSC,Uttar Pradesh Public Service Commission (UPPSC),State Government,State Commission / Board,231_UPPSC_Uttar_Pradesh_Public_Service_Commission_(UPPSC).svg,39325,https://upload.wikimedia.org/wikipedia/commons/f/fa/Seal_of_Uttar_Pradesh.svg,DOWNLOADED,STATE_EMBLEM_FALLBACK,State Government seal/emblem used for state body
232,UPSEP,Uttar Pradesh State Electricity / Power Generation Board,State Government,State Commission / Board,232_UPSEP_Uttar_Pradesh_State_Electricity_Power_Generation_Board.svg,98083,https://en.wikipedia.org/wiki/Special:FilePath/Uttar%20Pradesh%20Power%20Corporation%20Limited.svg,DOWNLOADED,VERIFIED_SPECIFIC,Official Uttar Pradesh Power Corporation Limited (UPPCL) logo
233,UPSRT,Uttar Pradesh State Road Transport Corporation,State Government,State Commission / Board,233_UPSRT_Uttar_Pradesh_State_Road_Transport_Corporation.png,53827,https://upload.wikimedia.org/wikipedia/en/thumb/0/05/UPSRTC_logo.png/220px-UPSRTC_logo.png,DOWNLOADED,VERIFIED_SPECIFIC,Verified authentic specific organization logo
234,UPRB,Uttarakhand Police Recruitment Board,State Government,State Commission / Board,234_UPRB_Uttarakhand_Police_Recruitment_Board.svg,773814,https://upload.wikimedia.org/wikipedia/commons/9/99/Seal_of_Uttarakhand.svg,DOWNLOADED,STATE_EMBLEM_FALLBACK,State Government seal/emblem used for state body
235,UPSC,Uttarakhand Public Service Commission (UPSC),State Government,State Commission / Board,235_UPSC_Uttarakhand_Public_Service_Commission_(UPSC).svg,773814,https://upload.wikimedia.org/wikipedia/commons/9/99/Seal_of_Uttarakhand.svg,DOWNLOADED,STATE_EMBLEM_FALLBACK,State Government seal/emblem used for state body
236,USEPG,Uttarakhand State Electricity / Power Generation Board,State Government,State Commission / Board,236_USEPG_Uttarakhand_State_Electricity_Power_Generation_Board.svg,773814,https://upload.wikimedia.org/wikipedia/commons/9/99/Seal_of_Uttarakhand.svg,DOWNLOADED,STATE_EMBLEM_FALLBACK,State Government seal/emblem used for state body
237,USRTC,Uttarakhand State Road Transport Corporation,State Government,State Commission / Board,237_USRTC_Uttarakhand_State_Road_Transport_Corporation.svg,773814,https://upload.wikimedia.org/wikipedia/commons/9/99/Seal_of_Uttarakhand.svg,DOWNLOADED,STATE_EMBLEM_FALLBACK,State Government seal/emblem used for state body
238,WBPRB,West Bengal Police Recruitment Board,State Government,State Commission / Board,238_WBPRB_West_Bengal_Police_Recruitment_Board.svg,309489,https://en.wikipedia.org/wiki/Special:FilePath/West%20Bengal%20Police%20Logo.svg,DOWNLOADED,VERIFIED_SPECIFIC,Official circular West Bengal Police insignia / crest
239,WBPSC,West Bengal Public Service Commission (WBPSC),State Government,State Commission / Board,239_WBPSC_West_Bengal_Public_Service_Commission_(WBPSC).webp,32372,https://upload.wikimedia.org/wikipedia/commons/d/d5/Emblem_of_West_Bengal.svg,DOWNLOADED,STATE_EMBLEM_FALLBACK,State Government seal/emblem used for state body
240,WBSEP,West Bengal State Electricity / Power Generation Board,State Government,State Commission / Board,240_WBSEP_West_Bengal_State_Electricity_Power_Generation_Board.svg,23423,https://en.wikipedia.org/wiki/Special:FilePath/WBSEDCL%20Logo.svg,DOWNLOADED,VERIFIED_SPECIFIC,Official West Bengal State Electricity Distribution Company (WBSEDCL) logo
241,WBSRT,West Bengal State Road Transport Corporation,State Government,State Commission / Board,241_WBSRT_West_Bengal_State_Road_Transport_Corporation.webp,32372,https://upload.wikimedia.org/wikipedia/commons/d/d5/Emblem_of_West_Bengal.svg,DOWNLOADED,STATE_EMBLEM_FALLBACK,State Government seal/emblem used for state body
